1,A.A.R. Dispensary,P.O. Box 9600,,022 2701121/4  fax 2701120  ckiwale@aar.co.tz,Dr. Clautus Kiwale,Specialist obs/Gynae/head of doctors
2,A. B. Dar es Salaam Medical Centre,P.O. Box 9043,,Dr. Balu Patel,MBBS,
3,Abass Medical Centre,P.O. Box 21361,Swahili st,,Dr. Abbass Gulam,
4,Aga Khan Hospital,P.O. Box 2289,,"O754297780, 2115151/3 achnaji@khst",Dr.A.G Chanji,MBchB.MMMED
5,Aljumaa dispensary,Box 15567 DSM,,,,
6,Alhassan Hassan Medical Centre,P.O. Box 20567,,,Dr. Juma K. Nassoro and Dr. Hassan A. Hassan,
7,Apollo Medical Centre,P.O. Box 8322    ,Mshihiri Street City Centre,Phone 2122274 0784 609152 apollomedics@yahoo.co.uk diarab@hotmail.com,"Dr. nazir H. Arab,Managing Director","MS, DPS, FCS,Consultant Surgeon."
8,Arafa Mbagala rangi tatu dispensary,Box 104871,Kituo cha mwisho Mbagala,,,
9,Arafa Mwananchi Dispensary,P.O. Box 36372,Kimara Baruti - Morogoro Road,0741 413026,Sumbuko D. Kindole,
11,Arafa Upendo Charitable H.C,P.O. Box 45181,Temeke,"2856673, 0784269964, drstmassawe@yahoo.com",Dr. Stanslous Massawe,MD
12,Ave E. A. Ngozingwa,P.O. Box 65104,,,Dr. E. A. Ngozingwa,
13,Azania Dispensary,P. O. Box 32764,Kigogo,754316302,Dr William Betwel,
13,B. P. Clinic,P.O. Box 9043,,,Dr. K. Lubangumya,
14,Bakwata Dispensary,,Temeke,"0787 768125 , 0714 423591","Dr. Hamza, R Shetuli and Rose Peter",
15,Bhoke Dispensary ,P.O. Box 30389,kibaha,"0754 304 442, 0754 056 514","Dr. Matiku R. Nyakarungu, Sr. Ernesther J Mhagama",
16,BIT Dispensary,P.O. Box 1682,Indira Gandhi/Jamhuri,2111519/2128740,Silvia B. Mwanakulya,
16,Bahari Gongo la Mboto,Box 40591,,,,
17,Bonde la Mpunga Dispensary,P.O. Box 77652,Msasani,0755 668670    0755088064               ,,
18,Buguruni Anglican H/C,P. O. Box 25016,Buguruni,0754363 138 mokkso@yahoo.com,Dr Yohana Mokiwa,
18,BP clinic,Box 9043  DSM,,,Dr K Rubagumya,
19,Burhan Hospital,P.O. Box 3037,,O784452165 dramji@hotmail.com,Dr. M.M. Amijee,MD
,,,,,,
19,Chakuwajali Annex Dispensary,P.O. Box 22754,Kando ya Tabata Relini,0764 324758 and             0753 346240,Dr. Mwenda and Mama Dorothy,
20,Dr Mrs Chavda,Box 63141 Dsm,,,,
21,Child Health Clinic,P.O. Box 170,,,,
,,,,,,
,,,,,,
22,Claus Morden Dispensary,P.O. Box 16510,,,Prof. Nicolaus Kinabo,
21`,Dr Cyril Baduey,P.O. Box 2878DSM,,,,
22,Dr. Haybar Umba,P.O. Box 40110,,,,
23,Dr. Mbaga Dispensary,P.O. Box 4955,,,,
24,Dar es Salaam Medical Centre,P.O. Box 734,,,,
27,DCR Clinic and Diagnosis Centre Ltd,P.O. Box 5744,,,Dr. D.D. Chales,
25,E.D.C Polyclinic,P.O. Box 71567,,0754 364 003 and 0754 583 878,"Dr. Atupele Mwamba Mwambapa, Atupele",
26,Ebrahim Haji Hospital,P.O. Box 14861,,"2114995,ehich@cat-net.com,ehich@hotmail.com",Dr. Jamil Merali,MD
27,Ekenywa ENT Medical Centre,P.O. Box 65402,Barabara ya sheikh Yahaya Mwembechai,"0784256216 1713830034 0222172203  0713 830034, immalois@yahoo.com",Dr. L. Ole Lengine,"MD, MMED, MSC "
31,Elerai West-end Dispensary,P.O. Box 2091,,,,
32,Elly Medical Consult Clinic,P.O. Box 4160,Msisiri 'A' Mwananyamala,Phone 2760365,Prof. Easter Mwaikambo,
33,Family Care Clinic and Pharmacy,P.O. Box 3148 ,866 Mfaume Road Upanga West.,Phone:  2152918/9 wmatuja@muchs.ac.tz,"Prof. W.B.P. Matuja, Managing Director",MD
28,Family Medical Services Dispensary,P.O. Box 827 ,THB Estate Kijitonyama,0744 884539,Dr. Margaret Shija Director & Consultant Surgeon,
29,Gati Dispensary,P.O. Box 16090,,O754995066,Dr. E. Ndurambo,SAMO
30,GE Dispensary ,P.O. Box 78080,,0784 433083,Dr Godfrey Kayombo,AMO
31,Gongo la Mboto Dispensary,P.O.Box 18003,G/Mboto,0784301455   byase3@yahoo.com,Dr  Norbert,
32,Gupta Dental Clinic,P.O. Box 2300,,"2118838, Fax: 2118838  kgupta52@hotmail.com ",Dr. K.S. Gupta,BDS
33,Hameer Hospital,P.O. Box 1068,Kariakoo,"2183264/5 mobile O754311877, O754267200",Dr. Hameer,MD
34,Hi-Care Dispensary,P.O. Box 692,,,Dr Mayar Patel,
35,Shree Hindul Mandal Hospital,P.O. Box 581,india,"2114991/4, 0713 618495 hindu@hindulmandal.org, kaushik@intafrica.com",Dr. Kaushik,"MD,MMED"
36,Host and Ane  Dispensary,Box  77665,Mbezi kwamsuguli,"0754805630, 0762357286, 0754965499",Allen Kimambo,CO
43,Humanitalian Red Cross Dispensary ,P.O. Box 60148,,0755 228 524 and 0754 678 257,Dr. Faustine Sungwa and Sr. Lightness Mtaita,
37,Huruma Kimara Dispensary,Box 65590,,784201584,Dr. Richard J. Sangali,
38,ICS charritable dispensary ,P.O. Box 45257,Tabata kwa dengu,0713250701 0784445908 0717250701,AMO,
46,Indra P. Chavda Clinic,P.O. Box 9718,,,,
39,International School of Tanganyika (Medical scheme clinic),,,,,
40,Jaha Dispensary,P.O. Box ,Bungoni - Ilala,"2860233, 0784541855",,
48,Jobi Health Centre,P.O. Box  2656,,,,
49,KB Medical Centre,P.O. Box 65108 ,,P.O.Box 43153,Prof Kirei,
41,K.K. Khan Medical services,P.O. Box 2654,India,0784 602404 aqk10@yahoo.com  awpomany@yahoo.com,Mr. Khan,MD
42,Kaja Child Health Care,P.O. Box 2204,Mwananyamala,"2760312,ikitundu@muchs.ac.tz",Dr. J. Kitundu,"MD, MMED, PAE"
43,Kariakoo Dispensary,Box 21169,kariakoo,713235158,Dr. F. I Maro,
44,Kelgo Dispensary ,P.O. Box 63203,,,,
54,Kiburugwa Medical clinic,P.O. Box 65002,,,Dr. P. Magessa,
45,Kigogo Dispensary,P.O. Box 705056,,207152,Ambakisye T. Mwalusamba,
46,Kilimanjaro Millenium dispensary,P.O. Box 65186,Tabata,"O754367694/0754618099,paulhlyimo@yahoo.com 0222808083",Dr. P.H. Lyimo,"MD, MMED"
47,Kinondoni Hospital,P.O. Box 35024,Kinondoni near primary court,"0754562922, 2760469 drmvungi@hotmail.com",Dr Mvungi,MD Managing Director
48,Kunduchi Beach Health Services Ltd,P.O. Box 7104 ,Kunduchi,0741 336992,"J. V. Mwanyika,Director",
49,Madona Hospital Limited,P.O. Box 24483,Tabata,"2807226,0744 500338","Prof. J. L. F. Sangawe,Managing Director",MD
50,Mafarasa Medical Care Disp,P.O. Box 77082,Kigogo Mwisho,754292662,Dr Desdery Ferdinad,
62,Malanatha Medical Clinic,P.O. Box 60432,,,Dr. Jushua Kulwa Ibengwe,
63,Mangesho Dispensary,P.O. Box 71289,,,Richard Semfukwe,
51,Masanna Hospital Services,P. O. Box 65561,Mbezi Beach samaki wabichi,2602300/ 0754379760  mhs@ntsdttz.com,Pro Richard Lema,MBchB MMED
52,Mart Buguruni Hospital,P.O. Box 60040,Buguruni,"O784307046/0754363138,2860757, nyambo @hotmail.com",Dr Magreth Nyambo,MD
53,Mbagala Rangi Tatu,P. O. Box ,Mbagala rangi tatu Mwisho,0784 303 384,DR garani,
67,,,,,,
68,Mbuyuni Dispensary,P.O. Box 65175 ,"Yombo Vituka Relini, Temeke",,Dr. R. A. Mtweve Medical Officer In-charge,MO
54,Medical and Industrial Services Ltd Meise Clinics & Pharmacy(MEISE),P.O. Box 653434 ,1035 Kalenga Street West Upanga,"Phone 2152797/2152894, 0754693477,Fax 2152796, tcgc@bol.w.tz",Prof. A. Massawe,"MBchB,MMED"
55,MEDI-ED Clinic,P.O. Box 4601,,O754262648 med@raha.com,Dr. Lwakatare,"MD,MMED"
57,MICCO Mkwajuni Dispensary,P.O. Box 72724,Kinondoni Mkwajuni.,"0713 561646, msemakweli@yahoo.com 0713 584816.0732 922887",Christian Msemakweli,
73,Mico Kipunguni B,P.O Box ,Ilala,,,
58,Micco Friends Corner Disp,Box 90545,Magomeni,,,
59,Mikumi Hospital,P.O. Box 4702,"Mbweni Street, Magomeni","Phone: 2181883 , Mikumi@hospital@yahoo.com","Dr J. Kimaro and Mr Msoka 0754317230,0754364739,07976458025","MD, MMED"
60,Mission Mbagala Dispensary,P.O. Box 655333 ,Mbagala,0754 547091. 0754 4847097,"Dr. A. Mugonzibwa,Zainabu Kibasila",
61,Mission Mikocheni Hospital,P.O. Box 65300,Luther House Sokoine,"0784221844, 0713223340umililasengo@yahoo.com",Dr Sengo,MD
62,MNA Dispensary,P.O. Box 31887,Kinondoni,,Dr. Ali Mkwama Mize,
63,Mount Ukombozi hospital,P. O. Box 646 ,Kinondoni Kawawa str Morocco Block 41 PLT3,754275520   0754 277 520  ,Dr Luther Mwamkoa,Gynaecologists
,,,,,,
79,Msamaria Mwema RC Dispensary,P.O. Box 62607,Ilala,,Omerus Peter Malema,
80,Msewe Medicare,P.O. Box 60541,,,Dr. Jonson W. Bigambo,
81,Msimbazi Dispensary and Maternity,P.O. Box ,Msimbazi/Ilala,"Phone 2683148, 0741 772941 /0741 303032",Dr. Peter Moro,
82,Mtendeni Dispensary,P.O. Box 674,,chetanramaiya@vmail.com,Dr Chetan Ramaiya,"Paediatian, MMED"
83,Mushitaq Dhiran Dental Clinic,P.O. Box 21427,,,,
64,Muya Dental Clinic,P.O. Box 6369,Ukonga Banana,"2666050, 0754266985,mtulia2000@hotmail.com",Dr. R.J. Muya,"MD, Dental Surgeon"
85,Mwenge Medical Clinic,P.O. Box 60459,Mwenge,,Dr. Y.M. M. Balele,
86,Mwinu Medical Clinic,P.O. Box 60571,Kigamboni,,Juma Hidaya Mwinula,"MD, "
65,National Health Insurance Fund,Box 11360 DSM,,,,
,Nyamongo Disp,Kinondoni A,,,,
88,New Insurance Fund,P.O. Box 11360,,,,
66,NSSF,Box 1322,,,,
67,New orient clinic ,P.O. Box 5502,Tabata,0713 267174,Dr Kisanga,
68,Oysterbay Clinic,P.O. Box 21020,,"2667932, 0784282477, kibbasa@hotmail.com",Dr. Kibbassa,"MD, MMED"
69,Oysterbay Hospital,"Box 23279, DSM",,2600015drmbawala@yahoo.co.uk ,Dr Mbawala,MD FFG
94,Pace Medical Lab ,P.O. Box 12246,,,,
,PASADA,,,fmanase@yahoo.com,Frank Manase,
70,Regency Medical Centre,P.O. Box 2029,alykhan road Upanga,"2150500, Fax 2150180",Dr. Kanabar R.,"MB, BS, DCH"
71,Rehmtula Dispensary,,,,Dr. N. Akbar,
72,Regent Hospital,,,"0784864822, 2150500            rmadhab@yahoo.com",Dr Anu Madhar panda,"MD, DHM"
73,RTM Dispensary,P.O. Box 3727,Kisutu,2119081drkhan@raha.com 07133448992,Dr L.T. Khan,MMED
74,"St. Magdalena, Dr. Lucy Rimoy ",P.O. Box 71077,,0754 289 239 znd 0754 857 099,,
92,St Magdalena  Dispensary,P. O. Box  71077,Mbagala,"0754 289236, 0754857099",Lucy Rimoyi,clinical Officer
75,St. Bernard Hospital,P.O. Box 65561,Kariakoo,"2183276, 0754 808622, sbhospital@africanonline 0754406880  0754287945",Dr l. M. M. Chuwa,
101,St. Mary Private Hospital,P.O. Box 32100,,,Dr. Ngwale ,
76,St Raphael Hospital (Kilimani Hospital),P. O. Box 35034,Manzese,"O754260861,fredmsasu2003@yahoo.com",Dr. Alfred Msasu,MD
104,St. Thomas Health Centre ,P.O.Box  8003,,,,
77,St.Claus Morden Dispensary,P.O. Box 16510,,,Nicolaus N. Kinabo,
78,Survery Dispensary,P.O. Box 35423,,,Dr. Jofrey Mosha,
79,Sykes Medical Clinic Ltd,P.O. Box 105358 ,Gerezani Ilala,"0784408150/0713606136 almsykes@yahoo,co,uk or ally@sykesspc.com",Dr. Alma Ally Sykes Pediatric Specialist,"MD,MMED"
108,Tanganyika Mennonite,P.O. Box 65463,,"2864159, 0784342358",Dr. M. Bingileki,MD
109,Tanzania Assembles of God,P.O. Box 2878,,,Dr. D. Badvey,
80,Tanzania Health Institute (THI),P. O. Box 65095,Kinondoni,0754 565 155 Fax2112752 fmasau@hotmail.com,Dr. Fredinand Masau,
111,TAZARA Dispensary,P.O. Box 40160,,,Dr. Said Wajadi,
81,T.O.H. Disp,Box 3520,,louismlingi@hotmail.com,Dr L. B. Mlingi,
82,T.C.C. Dispensary,,,,,
,,,,,,
83,THS Dispensary,P.O Box 11560,Mbezi,"0713 350084, 0784 319158,0717 009426",Dr. Sabuka,
84,Tiptop ,P.O. Box 55168,,,Dr. Mtatifikoro,
85,TMC Buguruni H Centre,Box 65463,Buguruni,0784 342358  0754342358    drbingi@yahoo.com,Dr M Bingileki,MD
86,TMJ Hospital,P. O. Box 20439,,"2775517, 2775490, 2774290 infor@tmjhospital.com",Dr Jafferji,MD
87,TMS Hospital,P.O. Box 65133,,O754283606 drkapesa@yahoo.com,Dr Kapesa,MBchB.MMMED
88,Tanzania Occupational Health Services (TOHS),P.O. Box 3520,0754 890628,"2863808, 0755 986819,tohs@intafrica.com",Dr Mligi. Dr Florian M. Kessy,"MD, MPH"
89,Tumaini Comprehensive Infirmary Ltd ,P.O. Box 7845,,,,
90,Tumaini Comprehensive Hospital,P.O. Box 14525,,"O754360688,mtulia2000@hotmail.com",Prof. Idrissa Mtulia,"MD, MMED"
91, Tumaini mission Dispensary,P.O. Box 63067,Kongowe Mwisho,0754833951 / 0755883956,Dr Y Hussein,AMO
92,Ultimate Security Dispensary,P.O. Box 21231 ,Kinondoni,Phone 2667722 Fax 2667006   0713123192,Babu Siraju Yusuph Medical Officer,MO
125,Upendo Dispensary,P.O. Box 75484,Temeke,762542730,"Philip G. Tesha,  Administrator",
126,Zainabiya Clinic,P.O. Box 20507,,"O713780360,zainabiyaclinic@cats.net.com",Dr. Mushtak,MD
93,Shadhuli L. Khan,P. O. Box 2654,,,,
129,Sunn Muislim Jamaat Charitable Hospital,,,,,
94,Dr Khan Medical Services,,,,Dr Sengo,
95,TPDC Mikocheni Disp,,,,,
96,TOC Health Services,,,,,
97,Dr Ally Mwinyi Medical Care,,,,,
,,,,,,
,,,,,,
,,,,,,
98,Zenco Clinic ,P.O. Box 20252 ,Samora Kivukoni,"Tel, and Fax.022 2125270, Mob: 0754 744999, 0754 744111, 0755 000001, 0784 70211 Email:drsmahashim@yahoo.co.uk ",Dr. Hashim,
99,Suni Muslim Jamat Charitable Hospital,,,,,
100,Baraka Dispensary,P.O.Box 11386,Dar es Salaam,784238449,Dr Ng'ombo,CO
101,Dafah Dispensary,P. O. Box 8865,Dar es Salaam,716222756,Geofrey Simon Marandu,MD
102,Kilimanjaro Medical Services Dispensary,P. O. Box ,Tabata,,,
103,K-G Afya Care Dispensary,P. O. Box 31084,Dar es Salaam,,Dr Gloria Ngajilo,MD
104,Ruazam Dispensary,P. O. Box 21764,Dar es Salaam,713150342,Dr Wency Mhally,msc
105,Waebrania Maternity Home,P. O. Box 16092,Dar es Salaam,0714 862623,Alice Nzugika,Principle Nurse
106,Mandela Dispensary,,Dar es Salaam,,,
107,Shalom Medical Centre,,Dar es Salaam,,,
108,Humanitarian Red Cross Dispensary ,,Dar es Salaam,,,
109,JD Pharmacy Limited,P. O. Box 1899,Dar es Salaam,,,
110,Msimbazi Dispensary and Maternity,,Dar es Salaam,,,
111,TEJ Nurraifo Dispensary,P. O. Box 9975,Dar es Salaam,716339571/mwakalingaruth@yahoo.com,Kassim Chande,MO
112,New Hope Dispensary,P. O. Box 60520,Dar es Salaam,0783 698664 / richardmarwa35@yahoo.com,Richard Marwa,AMO
113,Abu-Baseer Specialist Eye Clinic,P. O. Box 2864,Dar es Salaam,,,
114,Walter Hospital,P. O. Box 45567,Dar es Salaam,754629322,Dr Walter Ngonyani,MD
115,Mico Charitable Dispensary,P. O. Box 22323,Mtoni Kwa Aziz Ally,0787 668050,Stanford Lazaro,AMO
116,Muzdalifah Dispensary,P. O. Box 21405,Kiwalani,0754 867450,Mbilinyi Gonzo,Clinical Officer
117,"Tanzania Assemblies of God Manzese ""B""",P. O. Box 32514,Dar es Salaam,0754 555353/0764042205,Dr. lilian Kitunga,Msc
118,Dar es Salaam Institute of Technology,P. O. Box 2958,Dar es Salaam,754493138,Dr Godwin Ndeki,AMO
119,Sisa Community Health Centre,P. O. Box 29825,Dar es Salaam,0759 221665,Dr Omari Kabanda,MD
120,Burere Hospital,P. O. Box 30385,Kibaha,755818180,Joseph Bake,Surgeon
121,Ikunda Upendo Dispensary,P. O. Box 5635,Dar es Salaam,0713 312164,Prof Kaisi,Gynocologist
122,Keko Medical Services Dispensary,P. O. Box 42314,Dar es Salaam,0713613836/0754590259,Dr Kiwale,MD
123,Arafa Kisiwani Dispensary,P. O. Box 36076,Dar es Salaam,714444664,Dr. Tewe,MD
124,Mico Mzambarauni Dispensary,P. O. Box 22259,Gongo la Mboto,0787244119/0719 163590,Mohamed Mnyau,MD
125,Arafa ses-Mwembeni Dispensary,P. O. Box 7540,Dar es Salaam,0786 218683,Rubagumya Kashekya,MO
126,Tip Top Dispensary,P. O. Box 55168,Dar es Salaam,0655989828/0754367725,Ferdinand Mtatifikolo,Consultant Obg Specialist
127,Miko Kasorobo Dispensary,P. O. Box 45422,Dar es Salaam,0717023311/0713494732,Richard Malale,MD
128,Tanzania Charitable Hospitals Trust Fund,P.O. Box 78286,Dar es Salaam,716556256,Dr. Mkiramweni J.P,Surgeon
129,Msomeni Dispensary,P. O. Box 45120,Tandika Azimio,0754386697/0713187600,Dr Khamis Kisagalile,PAMO
130,Bochi Medical Centre,P. O. Box 55158,Dar es Salaam,,,
131,Samaria Mission Health Centre,P. O. Box 7454,Dar es Salaam,,,
132,Afya Bora Health Services Dispensary,P. O. Box 14165,Dar es Salaam,784204138,Dr Khairoonisa Pathan,MD
133,Havana Manzese Dispensary,P. O. Box 15091,Dar es Salaam,,,
134,Arafa Mapinduzi Dispensary,P. O. Box 45154,Dar es Salaam,767108425,Khalfan Khalean,CO
135,John Medical Dispensary,P. O. Box 65116,Dar es Salaam,,,
136,Buguruni Anglican Health Centre,P. O. Box 25016,Dar es Salaam,,,
137,Hafford Health Care,P. O. Box 46246,Dar es Salaam,0713 213189,Ford Chisongela,AMO
138,Kodepa Charitable Dispensary Matumaini,P. O. Box 9533,Dar es Salaam,719587466,Grayson Mramba,Assistant Dental Officer
139,Mzambarauni B Dispensary,P. O. Box 72400,Dar es Salaam,754001231,Dr Salum Chambuso,Physician
140,Taifo Dispensary,P. O. Box 76592,"Yombo Vituka, Dar es Salaam",715646011,Dr Suleiman Muttani,Gynocologist
141,Members Nurraifo Dispensary,P. O. Box 40466,Dar es Salaam,,,
142,Ahueni Health Centre,P. O. Box 79584,Dar es Salaam,,,
143,Ami Trauma Centre & Well Woman Clinic,P. O. Box 3867,Dar es Salaam,,,
144,IMTU Hospital,P. O. Box 77594,Dar es Salaam,hospitaldirector@imtu.ac.tz,Dr Ali Mzige,MD
145,Kesheni Mission Dispensary,P. O. Box 4912 ,Dar es Salaam,,,
146,Arafa Mbagala Kuu Dispensary,P. O. Box 104861,Dar es Salaam,,,
147,Part II Pharmacy,,Dar es Salaam,,,
148,Huruma Prinmat Katesh,,Dar es Salaam,,,
149,Green Hill School-Dispensary,P. O. Box 39855,Dar es Salaam,,,
150,Mabibo Muleba Lab Consult Dispensary,P. O. Box 41250 ,Dar es Salaam,,,
151,Ardhi University Dispensary,,Dar es Salaam,,,
152,Atlas Pharmacy,,Dar es Salaam,,Dr. John Augustine,MD
153,Cardinal Rugambwa Hospital,P. O. Box 40960,Dar es Salaam,255222843200/ 0712 409097/  cardinal_rugambwa@yahoo.com,Sr. Dr Leonilla Ifunya,AMO
154,Poverty Africa Kitunda Charitable Dispensary,P. O. Box 5034,Dar es Salaam,0754 395514,Elias Nyangi,AMO
155,Heameda Medical Clinic,P. O. Box 12633,Dar es Salaam,,,
156,Makongo Hills Clinic,P. O. Box 65288,Dar es Salaam,,,
157,Sandarya Dispensary,P. O. Box 32800,Dar es Salaam,0713 667424/ 0764 491119- mirumbesandarya@yahoo.com,Patric Mirumbe,"MD,MPH"
158,St. Brendan Dispensary,P. O. Box 1465,Dar es Salaam,0714 733327/ 0784 150800- manyallaabeid2000@yahoo.com,Dr. Pilly Ally Vitalis,Medical Radiology Specialist
159,Hekima Dispensary,P. O. Box 15669,Dar es Salaam,0755 823628 ,Dr. Godson Ngwatu,SAMO
160,PK Dispensary,P. O. Box 9836,"Tegeta Kibaoni, Dar es Salaam",,,
161,Tiba Healthcare Dispensary,P. O. Box 20619,Dar es Salaam,022 2112998/022 2130883 / 0655 769293- 0683 769293,Dr. Jamil Merali,MBBS
162,Arafa Sama Dispensary,P. O. Box 104861,"Mbagala Chamanzi, Dar es Salaam",0754 764174/ 0787 432771,Godwin Ndeki,AMO
,,,,,,
,,,,,,
B.  TANGA,,,,,,
,,,,,,
S/N,NAME OF HEALTH FACILITY,ADDRESS,Location,Contact,Responsible,Qualifications
,,,,,,
1,Annie Nkini Health Lab.,P.O. Box 1903,,O784391731,Mr. Charles Mgaya,Laboratory Technologist-
2,Burhan Charitable,Box 190 Tanga,Ngamiani,272647650,Ali Ibrahim,
3,Medisemo Dispensary,P.O. Box 1710,,"O272646199, 0754492327",Dr. Magreth Mhando,"MD, MMED,, Physician"
4,Pace Medical Laboratory,P.O. Box 12246,,"O27 2646489/0753246746,manzawasmj@yahoo.com",Shamkusa Mwanzawa,Lab. Technician
5,Safi Medics,P.O.Box 5305,Bombo Area,"Phone 2643938,2644646,0748 408333,safimedics@yahoo.co.au",Dr Mberesero,
6,Tanga Central H.C.,P.O. Box 1171,,O272647644/0713608526,Dr. Ngayomella,"MD, MMED, Surgeon"
7,Tanga Motherchild Hospital,P.O. Box,,,,
8,T.O Health services,P.O.Box ,Korogwe,,Dr Mligi,
9,Tanga Medicare Centre,P.O. Box 6052,,O272646920/0713807500,Dr. William Madundo,"MD, MMED,Gynecologist "
8,Total,,,,,
,,,,,,
10,Besha Health Centre,P. O. Box 5025,Tanga,,,
11,Tayodea Hindumandal Dispensary,B0x 5344 Tanga,0714102833 dnywage@yahhoo.com,,,
12,Bakwata Charitable Dispensary,BOX 5703,,,Dr. Abbas,
13,Kinande Pharmacy,,,,,
14,Imani Dispensary,Box 5498,0655525199/0784525199,,,
15,Manundu Dispensary,Box 85,Lala salam Korogwe,784742222,Dr Al Haji Mzige,
16,Rasheed Dispensary,P. O. Box 467 Tanga,rasheed_dispensary@hotmail.com,0715 522786,Dr. Shabbir M. Rasheed,AMO
17,Kodepa Charitable Dispensary,"P. O. Box 1198 Pongwe, Tanga",georgehizza@gmail.com,0712 101394,Mbwana Kidasi,M.O
,,,,,,
,,,,,,
,,,,,,
,,,,,,
C. MOSHI,,,,,,
S/N,NAME OF HEALTH FACILITY,ADDRESS,Location,Contact,Responsible,Qualifications
,,,,,,
1,Church of Gospel Internal Dispensary,,,,,Cardiologist
2,Cogi Dispensary Majengo,P.O. Box 10032,,O754560584 saggatiado@yahoo.com,Dr. Sagatti Adolf,"MD,MPH"
3,Kilimanjaro Medical Services Dispensary,P.O. Box 6449 ,,O27 2502134/0754466028 patricklyimo@yahoo.com,Dr. Patrick Lyimo,"MD, MMED "
4,Amec Medical Clinic (Holili Health Centre),Box 1051 ,Mission Road,,August Philip Temu,
5,Kibo Paediatric Dispensary,P.O.Box 1537 ,,Phone 027 53166 0744 815961 rauyaze@yahoo.com ,Dr. Z. C.  Rauya,"MD, MMED "
6,Langoni Dispensary,P.O. Box ,,,Dr. Antipas Mtallo,
7,Medical Consult,P.O. Box 770,,O27 2750660 O754760919 widmelp@yahoo.com,Dr. Widmel Pandael,
8,Sabasaba H. Centre,P.O. Box 9531,,O754 508151,Dr. P.B. Massawe,"MD, MPH"
9,Siima Charitable General Hospital.,P.O. Box 8221,,"O754244084,O754282353",Dr. J. Ngatulile,
10,Kilimanjaro Christian Medical Centre,Private,,,Prof. J. Shayo,
,Namanga Disp,Box 23363,,,,
11,Moshi Arusha Occupation Health Centre,P.O. Box 145 Moshi,,Taifa Road,Dr Gideon Kombe0732971957,Mr Kilwa
12,K.T. Maternity Hospital,P.O. Box 965,,,"Dr. A. H. Kajembe, Dr. D. Risasi",
13,Jaffery Medical charitable service,Box 109 Moshi ,0713755596   0272751843  0272750536 0756585985.,Dr M. N. JanMohamed    mjanmohd@hotmail.co,,
14,Magadini disp,Box 249  Hai,,,Dr Joseph Tesha,
15,Faraja Health Centre,,Dr S. L. Minja,,,
16,Neema Dispensary,,,,,
17,Mbwambo Dispensary,B0x 870,0-754499424 jsmbwambo@yahoocom.,Dr.mbwambo,,
18,Mary Landy H/C,Box 6541,784675472,Dr Sospeter Kidaso,,
19,Deborah Medics(Adella Macleod),Box 1428,0-754482727adellaassey@yahoo.com,Adella,kisua street,
20,Samaria Dispensary,Box 52, 0-784604826 ramson lyimo co,Samaria,Tarakea -Rombo,
21,Nshara Community  Dispensary,,0759 959613/0767 229608,J. M. Kwayu,Hai,
22,Boma Health Care,Box 130,754380164,,Boma -Hai,
23,Upendo Dispensary,B0x 870,7514515814,Dr. Njama Mbaruku Mhina,Boma -Hai,
24,Cogi Kwasadala,Box 146,0-754381745/0-715381745,Dr. Lema  Job Theoplo,Hai,
25,C.O.G.I Dispensary,Box 90,0-754848826,Dr. Maleko,Hedaru,
26,R.M. Nina Dispensary,Box 14,0-754395536/0-715395536/0-787294068,Dr. Godson S.Z. Mangare,Hedaru,
28,Tumaini Urban Health Centre,Box 117 SAME,,,,
29,Lyamungo Nursing Home,P. O. Box 1222 Moshi,0655 523664,Juma Mohamed Lema,,Nursing Officer
30,Health Care Dispensary,P. O. Box 390 Moshi,0784 963436,Dr. Molay,,MD
31,Hamu Dispensary,P. O. Box 8249 Moshi,0754 376250/ 0753 189177,Dr. Hamis Joseph Mponezya,Moshi,MD
,,,,,,
,,,,,,
,,,,,,
D. ARUSHA:,,,,,,
,,,,,,
S/N,NAME OF HEALTH FACILITY,ADDRESS,Location,Contact,Responsible,Qualifications
,,,,,,
1,Arusha Medical Centre,P.O. Box 12877,,"O27 2508020, 0713510079, chamba@africaonline.co.tz",Dr. G.B. Chamba,"MD, MMED, Surgeon"
2,Arusha X.Ray Centre,P.O. Box 7377,,"O27 2750593, 0755241460",Dr. J.J. Lyimo,"MD,MMED, Radiologist"
3,Elerai west end Disp,Arusha,,P.O.Box 2091  tel 0754 817987 Email gedioniurio@yahoo.com,Dr. John Urio,AMO
4,Isthana Asheri Charitable Hospital,P.O. Box 7176 Arusha,Kilombero,"027 2544778/2548669, 0748 459600 ich@habari.co.tz",Dr. Mohamed Alwani Medical Director,
5,Jobi Health Centre,P.O Box  2656,,O754392298 bibianamardai@yahoo.co.uk,Dr J Mardai,"MD, MMED"
6,Kammed Consult & Laboratory Service,P.O. Box 6043 Arusha,,Phone 2507766 Fax 2504501/0748 430833 pamhando@hotmail.com,Dr. Peter Mhando,
8,Old Arusha H.C.,P.O. Box 89,,"O27 2502134, 0754479966 urasa@habari.co",Dr Nsiande Urassa 0713597550,"MD, FRCS"
9,Shree Hindul Mandal,P.O. Box 3051,,"O27 2506389, 0754264874 daktarip@hotmail.co",Dr. R.N. Patalia,MD
10,St. Thomas Health Centre,P.O. Box 8003,,"O27 2548558, 0754 380200 makando2000@yahoo.com",Dr. L.H. Makando,MD
11,Mosh Arusha Occupational Health service,Box 2091 Arusha,,0732971957      0732971958,Dr Gideon S. Kombe,
12,AICC Hospital,,,,,
13,Arusha Health Centre for Women,,,,,
14,Arusha Adventist Medical & Dental Clinic,P. O. Box 1121 Arusha,,,,
15,Arusha Dispensary (University of Arusha),P. O. Box 7 USA River,Arusha,,,
16,Siha Health Services Silent-Inn Dispensary,P. O. Box 2091,Arusha,,,
17,Cogi Ngaramtoni,P.O. B0x11984,0-755445611,Dr. Musa J. Mkony,,
18,Quality Pharmacy,B0x10628,0-754282164,S.A.Massawe,,
19,Usa River  Disp,B0x 11846,0-754300232,Dr.Charles A.Hassan,,
20,Cogi  Kijenge,Box 2091,0-783869986,,,
21,Wayda  Dispensary,Box 6,0-782488001,Yusufu,,
22,Baraka  Disp,B0x 122,0-754577986 brk disp@yahoo com, Dr I palangyo,,
23,St.Michael,B0x 111169,0-783869986,,,
24,Oljoro Disp,B0x11169,,,,
25,KIA Dispensary,P.O. Box 1553 Arusha,0-786469821/0756363698,Dr. A.H. Mwakikoti,,
26,Cogi Oldonyosambu,Box 1489 Arusha,0-714536179,,,
27,Faith Dispensary,P. O.Box 2470,0784-947455,Dr. Samwel K.Mhitu,,
28,Gwassi Medicare Dispensary, P. O.Box 1615 Arusha,0713-86668910,Dr. Wilson Josephat Mkoma,,
29,Heri Dispensary,Box 10660 Arusha,0784615498/ 0766253869,Dr. Gilbert John,,
30,Zaci- Bashay Dispensary,B0x 118 Karatu,0754-577377/0784382884,Dr. James Hhary,,
31,Shirati CRCT Dispensary,Box249 Karatu,0763062228/027-2534002,Dr.Julius L.Agoro,,
32,Holy Spirit Dispensary,Box 89 Karatu,0754-595319,Dr.Joseph M. Baynit,,
33,Arusha Dispensary,Box 12517 Arusha,0754-631472,Dr.Wosia H. Moshi,,
34,Goranga Disp.$ Laboratory services,Box 185 Karatu,0786-109433,Dr. Felister M.Chuwa,,
35,Gloria Dispensary,B0x 2199 Arusha,0782-050481,Dr. Richard Salaho,,
36,Sunni Muslim Charitable Disp.,Box 1157 Arusha,,,,
37,Kisongo Dispensary,B0x 13197 Arusha,0713-935551/0754-805917,Dr. Andrew Mbwambo,,
38,Patandi Dispensary,Box - Arumeru -Arusha,,,,
39,Essoka Dispensary( Mirongoine),,,,,
40,Njiro Adventist Medical & Dental Clinic,P. O. Box 1121 Arusha,,,,
41,New Msamaria Dispensary,P. O. Box 44 Hedaru,0754 071405,Dr. Eliesikia  E. Mbwabo,,Clinitian
42,Tanzania Adventist Clinic,,,,,
43,Zaci Mianzini Dispensary,,,,,
44,Sabilo Zaki Dispensary,Manyara,,,,
45,Tumaini Lawate Dispensary,P. O. Box 57 Sanya juu Siha,0755 642736,Dr Anzaamen Munisi,,MD
46,Amani Private Nurses and Midwives Ass of Tanzania,P. O. Box 563 Babati,0784 400553,,,Nurse Midwife
47,Wazazi Dispensary,P. O. Box 272 Babati,0786 513652/0784 711352,Robert Dawa,,Clinitian
48,Tumaini Dispensary,P. O. Box 447 Babati,0787 308525,Dr Lawrence Lay,,M.O
49,Zaci Riroda Dispensary,,,,,
50,Fame Medical ,P. O. Box 351 Karatu,022 732 978729,Frank Artress,,MD
51,Upendo Dispensary,"Sanaware, Arusha",,,,
52,Zaki Ngarenaro Gallapo Dispensary,,,,,
53,Sikh Temple Dispensary,P. O. Box 20 Arusha,0784 696622,Dr. B. V. Nayak,,MD/Surgeon
,,,,,,
E.  IRINGA,,,,,,
,,,,,,
,,,,,,
S/N,NAME OF HEALTH FACILITY,ADDRESS,Location,Contact,Responsible,Qualifications
,,,,,,
1,Msosa Dispensary,P. O. Box 572,Iringa,0756385701 msigwadr@yahoo.com,Dr Yahaya Msigwa,AMO
2,Tanwat Co. Ltd,Private Bag Njombe,Mufindi,"O26 272782201/1,O26 2782461, medical.tanwat@africaforests co.uk",Dr. Francis Masanje,MD
3,VIP Dispensary,P.O. Box 302,Iringa,O713 451104/ 026 - 2700788,Imelda Ngonyani.,
4,IMMEC  Hosp,P.O Box 186,Iringa,754695783,Dr Lushino,
5,Lugoda Hospital Unilever,P.O. box 40 Mufindi/4955 DSM,Mufindi,,,
6,Aga Khan Health Centre,P. O. Box 119,Iringa,,,
7,Mlandege Dispensary,P. O. Box 572,Iringa,756385701,Dr Yahya Msigwa,AMO
8,Nazareth Dispensary,P. O. Box 11 Makambako,Iringa,,,
,,,,,,
,,,,,,
F. MUSOMA,,,,,,
,,,,,,
S/N,NAME OF HEALTH FACILITY,ADDRESS,Location,Contact,Responsible,Qualifications
,,,,,,
1,Huruma watoto Disp,,Tarime,Dr Silcheria Machera,,
2,Isabaya Dispensary,P.O Box 53 Mugumu,Serengeti,0784 886763,Dr. Donald Kisaka,
3,Kada Dispensary,P.O. Box 603 Musoma,Mara,0282620159/0713300326 26O713300326  maromwita@yahoo.com,Dr Magere H.M Dr. Mwijabe Magere,
4,Manga Women,P.O. Box 1303 Musoma,,O28 2620032 drmuniko@hotmail.com,Dr. C.C. Munico,
5,Mokami Dispensary,,,,Dr. M. Mokami,
6,Nyabasi Dispensary,P. O. Box 114,Tarime,Dr Harun mm O Matariya,"0784363831, 9754526088",
7,Omega Medical Services,P.O. Box 994 Musoma.,Musoma,"Phone/Fax  2622218, 0744 397218, temupi@hotmail.com",Dr. P. T. Temu  0megamedical175@yahoo.com,SAMO
8,Rao Hospital,P.O. Box 42 Shirati Tarime ,Mara,"Phone: 028 2621704, 0787256863raocoop@africaonline.co.tz  ",Dr. P. Ziki Makoyo ,"MD,PHD"
9,Sachita Health Centre,P.O. Box 76 Tarime,,O784471566  sachita97@yahoo.co.uk,Dr. Peter Mwera,Economist
10,Tarime Dispensary,P.O. Box 187 Tarime,,"O784 481967, 028 2690278, tarimedispensary@yahoo.com",Dr. P.K. Hungiro,
11,Sota Health Clinic,P. O. Box 39 Shirati,Mara,,,
12,St. Ernest Dispensary,,Dar es Salaam,,,
13,Busegwe SDA Dispensary,,Shirati,767 234664,Rosa Biseko,
14,Kibumaye SDA Dispensary,,Musoma,767 234664,Rosa Biseko,
15,Tarime SDA Dispensary,,Tarime,767 234664,Rosa Biseko,
16,Kamunyonge SDA Health Centre,,Musoma,767 234664,Rosa Biseko,
17,Bukwe SDA Dispensary,,Musoma,767 234664,Rosa Biseko,
18,Nyabihore SDA Dispensary,,Musoma,767 234664,Rosa Biseko,
19,Bukama Ikizu SDA Dispensary,,Musoma,767 234664,Rosa Biseko,
20,Bwasi SDA Dispensary,,Musoma,767 234664,Rosa Biseko,
21,Nabungoma SDA Dispensary,,Musoma,767 234664,Rosa Biseko,
22,Sayuni Dispensary,,Musoma,0784 637563,Dr Werema,
23,Tarime Goodwill Foundation,,Tarime,0755 911723,Hudson Winani,
24,Ukenyege Dispensary,,Musoma,0783 419903,Dr. Ngadala,
25,St. Marys Masonga,,Shirati,0686 528275,Sr. Catherine,
26,Cada Dispensary,P. O. Box 224 Tarime,Mara,786391616,,
27,Kothora Dispensary,Shirati,,,,
28,Rosana Bedded Dispensary,Tarime,,,,
29,Cada Nyangoto Dispensary,Tarime,,,,
30,Bariki Sisters Health Centre,Musoma,,,,
31,Nansio SDA Health Centre,Musoma,,,,
,,,,,,
,,,,,,
,,,,,,
G.  KIGOMA:,,,,,,
,,,,,,
S/N,NAME OF HEALTH FACILITY,ADDRESS,Location,Contact,Responsible,Qualifications
,,,,,,
1,Kigoma International Dispensary,P.O. Box 1069,Kigoma Urban,"Phone:  0784591995,kigoma@cosati.org",Dr Rwebangira,
,,,,,,
,,,,,,
H. MBEYA:,,,,,,
,,,,,,
S/N,NAME OF HEALTH FACILITY,ADDRESS,Location,Contact,Responsible,Qualifications
,,,,,,
1,Afya yako ,P.O. Box 259,Mwakibete,,,
2,Babito Pharmacy,P.O. Box 1688,Mwanjelwa,O773100002,Gasper K. Singo,
3,Bulongwa Dispensary,P.O. Box 2432,Mwanjelwa,O754606265,Dr. R. Mahenge,
4,Central H.D.M.K ,P.O. Box 2520,Mbeya,025 250 4041,"Hilda Brand,     J.N. Kasimbazi","MD,                 MMED"
5,Family Care Dispensary,P.O. Box 1084,Uhindini,"O754380760,dromarsalehe@yahoo.com",Dr. Omary Salehe,"MD, MMED"
6,Ilasi Health Centre,P.O. Box 14,,,,
7,Imaging Point Ent.,P.O. Box 3053,,O754645497,Humphrey Kiwelu,
8,Kita Midical Store,P.O. Box 1688,,O773100002,Gasper K. Singo,
9,Mbaya Disp,P.O. Box433,Mbozi,784360130,Dr Mbaya,
10,Lily's Dispensary,P.O. Box 3307,Iyunga,O756550144,Dr. Amuli J.D.,
11,Mbeya Surgical Disp.,P.O. Box 1,Forest,O753005505,Dr. E. Mwakalobo,
12,Mwaka Medics,P.O. Box 6125,,,,
13,Njisi Private Dispensary,P.O. Box 300,Tukuyu,,,
14,Nsalaga Dispensary,P.O. Box 1300,Itezi - Uyole,O754 360341,Dr. W.M. Singunda,
15,Park Medics,P.O. Box 419,,O784254572,William Reuben,
16,Quick Moscow M.S.,P.O. Box 2361,,O786009816,Irene Mwansasu,
17,SAE D.M. Dispensary,P.O. Box 3558,Sae,O754896215,Dr. Mligo,
18,SH Truse Clinic,P.O. Box 419,,,,
19,Sifika Health centre,P.O. Box 48,Mbozi,,,
20,T.O.H.S. Dispensary,P.O. Box 3568,,O25 - 2503378,Dr. Manyika M.J.,
21,Thom Medics,P.O. Box 1688,,O773100002,Gasper K. Singo,
22,Uhai Hospital,P.O. Box 3563,Block Q,O784519828,Dr. W. Mwaipola,
23,Uyole Hospital,P.O. Box 1140,Uyole ,025-2510150 / 0755371272 0754 056 102.,Dr. N.K. Sijabaje,"MD, MMED"
24,Wazalendo Dispensary,P.O. Box 4633,Mbalizi ,,,
25,Mipa Dispensary,P. O. Box 539,Iyunga,,,
26,Aga Khan Health Centre,P. O.Box 292,Mbeya,,,
,,,,,,
,,,,,,
I. SONGEA:,,,,,,
,,,,,,
S/N,NAME OF HEALTH FACILITY,ADDRESS,Location,Contact,Responsible,Qualifications
,,,,,,
1,Amani Pharmacy,,,,Jumanne Shemakanko,
2,Anet Pharmacy,,,,Tadeo Kapinga,
3,Cecilia Pharmacy,,Songea,,,
4,Chilewa Pharmacy,,,,Gabriel Chilewa,
5,Chisambula Pharmacy,,,,Samwel Chisambula,                        
6,Consolata Mlawa,,,,,
7,Day & Night Disp.,P.O. Box 1213,Urban,O787 283878,Dr. F. Mapunda,
8,Dr. G. Njowoka Pharmacy,,Songea,,Dr. G. Njowoka,
9,Dr. Hyera F.D.,P.O. Box 1057,Matogoro area,O755 400758,Dr. Hyera F.D.,
10,Furaha Duka la dawa muhimu,P.O. Box 34,,,,
11,Giveness duka la dawa muhimu,P.O. Bos 174,,,,
12,Haule Pharmacy,,,,Cotrida Haule,
13,Huruma Laboratory,P.O. Box 1067,,O752 455395,Mr. C. Chipeta,
14,Ibrahim Ally Dispensary,P.O. Box,Sokoine St. - Bombambili,O784 552264,Dr. A. Gulamali,
15,Kilowoko Mani,,,,,
16,Likarangiro Pharmacy,,,,Zania Twairi,
17,Mahengu Pharmacy,,,,Bernard Mwingira,
18,Mapunda Pharmacy,,,,Anuciatha Mapunda,
0,Masika Pharmacy,,,,Joseph P. Haule,
20,Mfaranyaki Charity Dispensary,P.O. Box 536,Mfaranyaki St.,O784 713708,Cecilius Kapinga,
22,MSHA duka la dawa muhimu,P.O. Box 217,,,,
23,Mwanasa Pharmacy,,,,Mwahija Luambano,
24,NPF Dispensary,P.O. Box,,,,
25,Oscar Pharmacy,,,,Oscar Asulwisye,
26,Shamila diam,,,,,
27,Songea Private Dispensary,P.O. Box 515,Ruvuma,O755 400961/ 025-2600728,Mr. P. Nshobeilwe,
28,Sonia Pharmacy,,,,Adolfina Ndunguru,
29,St. Francis Dispensary,P.O. BOX 1057,,O755 400758,Dr. Francis Hyera,
30,Toss Pharmancy,,,,Wilgis B. Tossy,
31,Zenda Pharmacy,,,,,
32,Zulu Pharmacy,,,,Mateneke Zullu,
33,Mlawa duka la madawa muhimu,P. O. Box  Lizaboni Songea,,,Consolata Mlawa,
,,,,,,
,,,,,,
I. MOROGORO:,,,,,,
,,,,,,
S/N,NAME OF HEALTH FACILITY,ADDRESS,Location,Contact,Responsible,Qualifications
,,,,,,
1,Tumaini Dispensary,P.O. Box 537,,"O713470008,  mwandus@yahoo.com ",Dr. S. Mwandu,"MD, MMED"
2,Usagala Dispensary,P.O. Box 18,Kilosa,"0754398071, 0784682728",,
3,Neema Private Nursing Home,P.O. Box 18,Morogoro,752777037,,
4,Tanzania Ocupationa Health Servives-Dar Group Hospital,,Morogoro,,,
5,Aga Khan Health Centre,P. O. Box 159,Morogoro,,,
6,Faith Medical Tanzania Clinics,P. O. Box 4411,"Matombo, Morogoro",0766 781225 / jmuzoma@hotmail.com,Dr. James Kibonzi,MD
7,St. Marry's Dispensary,,Morogoro,,,
8,St. Harry Dispensary,,Morogoro,,,
,,,,,,
,,,,,,
J. MWANZA:,,,,,,
,,,,,,
S/N,NAME OF HEALTH FACILITY,ADDRESS,Location,Contact,Responsible,Qualifications
,,,,,,
1,Bakwata Dispensary,P.O. BOX 20,Magu,O784930545,Dr. R. Mwakilangala,CO
2,Chogo Dispensary,P. O. Box 626,Mwanza,0784368733 drchogo@yahoo.com,Dr. Amani Chogo,
3,Faith Community Disp,P. O. Box 7656,Mwanza,754303878,Dr Ibambasaa,
4,Huruma Dispensary,P.O. BOX 281,Magu ,O754020017,Dr. E. Makongolo,CO
5,Joseph Medicare Dispensary,P.O. BOX 125,Magu,O784647288/O282530047,Dr. A. F. Sandi,CO
6,Juwa Dispensary,,Mwanza,0754303878 / 0715303879 ibambasij@yahoo.com,Dr. Ibambasi,
7,Kada Dispensary,P.O.box 603,Mwanza,0282620159 0713300326 ,Dr. Mwikwabe Magere,
8,Kijiji Dispensary,Box 6093,Mwanza,754434657,ascal Singira,Clinical Officer
9,Kilombero Dispensary,P.O. Box 78,Mwanza,O713 307969,Dr. Kagilwa,MD
10,Kulwa Dispensary,P. O. Box 409,Mwanza,0754 618112  028 2500031/ 0282502235,Dr. Kulwa,
11,Msamaria Dispensary,P.O. BOX 1751,Mwanza,O754809272,Dr. S. Kalokola,SAMO
12,Mwananchi Hospital,P.O. Box 1719,Mwanza,"O754274552, 028-2501022,    Fax: 028-2501022.  mwananchihospital@yahoo.com mwananchitrust@africaonline.co.tz",Dr. I. Mushi,"MD, MMED, Gynae & Ob."
13,New Usumau Med Services,P.O. BOX 1572,Mwanza,O754 889 910,Mr. R. Kaserero,
14,Taqwa Dispensary ,P. o. BOX 2628,Mwanza,0713292721 takwahealth@yahoo.com,Dr. J. Mpelumbe,
16,Tukuyu Dispensary,P.O. BOX 30,Magu,O784463646,Dr. F. Mwailondele,AMO
15,Tumaini Health Centre,P.O. Box 1952,Mwanza,"O784 250900/0754275522, 028-2863808/2863375. Fax:2865162, vincentmhada@gmail.com vincentmhada@yahoo.com",Dr. Vicent Mhada,SAMO
16,Pasiansi SDA  Health Centre,Box 401  Mwanza,Mwanza,0282560097   0754928297,,
17,Manumbu Dispensary,Mwanza,,,,
18,Huduma Medicare Dispensary,P. O. Box 2421Mwanza,Mwanza,,Dr. Felician Ndauzi,
19,Tukuyu Dispensary,,Magu,0784 463646,mwailondele,
20,Urafiki Health Centre,,Mwanza,754440703,M. Matari,
21,Ukerewe SDA Dispensary,,Magu,0767 234664,Rosa Biseko,
22,Huruma Mkono Dispensary,,Mwanza,0759 801793,,
23,Mwagala Dispensary,,Mwanza,0769 372901,,
24,Aga Khan Health Centre,P. O. Box 692,Mwanza,,,
25,Nyasaka Dispensary,,,,,
26,Samaritan Charitable Dispensary,,,,,
27,Alpha and Maternity Nursing Home,,,,,
28,Mwanza Hospital,,,,,
29,Sakamu Dispensary,,,,,
30, Kiloleli Juu Health Centre,,,,,
31,St. Jude Thadeus Nyarombo Health Centre,,,,,
32,Gisan Dispensary,,,,,
,,,,,,
,,,,,,
K. BUKOBA:,,,,,,
,,,,,,
,,,,,,
S/N,NAME OF HEALTH FACILITY,ADDRESS,Location,Contact,Responsible,Qualifications
,,,,,,
1,St. Theresa Bukoba Health Centre,P.O. Box 633,Bukoba,O754 761 586 028220510,Dr. Bugimbi  bugimbidr@yahoo.co.uk,"MD, MMED, Surgeon"
2,Karibu Dispensary,P.O. Box 1783,Bukoba,Tel 2222038 0282222849  0754505026,Dr. N. Ndibalema,
3,Afya Bora Clinic,P. O. Box 1004 Kagera,Bukoba,,,
4,Family Dispensary,Karagwe,Bukoba,0767 525353,Dr. Marco Bitesigirwe/ mbitesigirwe@yahoo.com,AMO
5,Ndolage Town Dispensary,P.O. Box 98,Bukoba,"0784558566, E-mail drjmeskato@yahoo.com ",,
,,,,,,
,,,,,,
L. SHINYANGA,,,,,,
,,,,,,
,,,,,,
S/N,NAME OF HEALTH FACILITY,ADDRESS,Location,Contact,Responsible,Qualifications
,,,,,,
,,,,,,
1,Bulyahulu mine H.C,P. O. Box 1081 DSM.  Send to dsm it will be sent to Shinyanga the same day.                                                      ,Shinyanga,2600604 Ext.2059 /767383838   Email gmtaita@barrick.com,Dr Ghuhen Mtaita,MD
2,Health & Consultation Centre,P.O. BOX 2235,Shinyanga,O754369605,Dr. E.A. Haraka,AMO
3,St. Joseph Dispensary,P.O. BOX 245,Shinyanga,O784596002,Dr. J.E. Buganga,AMO
4,Wazazi Dispensary,P.O. Box 250,Shinyanga,O756826686,Dr. M.M. Ishengoma,ACO
5,Bakwata Taqwa Dispensary,P. O. Box ,Hunze-shnyn,713438885,Dr. D K Nzella,MD
6,Wazazi Dispensary-Maswa,,Maswa,,,
,,,,,,
,,,,,,
M. MTWARA:,,,,,,
,,,,,,
S/N,,,,,,
,NAME OF HEALTH FACILITY,ADDRESS,Location,Contact,Responsible,Qualifications
,,,,,,
1,Bakwata Dispensary,P.O. BOX 200,Mtwara,O784479970,Dr. J. Mwiru,AMO
2,Bukulala Dispensary,,Mtwara,,,
3,Chambila Pharmacy,P.O. BOX ,Mtwara,O784355262,Mr. Hassan Chambila,
4,Hijarah Dispensary,P.O. Box ,Mtwara,,Dr. Kapela D.M.K.,
5,Huruma Dispensary,P.O. BOX 820,Mtwara,O713503066,Dr. Mwajuma Chingwaru,AMO
6,Sajora Dispensary,P.O. BOX 799,Mtwara,O784393650,Dr. Salehe Kaisi,AMO
7,Somo Dispensary,P.O. BOX 734,Mtwara,p.o.box734 /  tel 023234044,Dr. Nipwapwacha,AMO
8,Famina Dispensary,,Mtwara,,,
,,,,,,
N.  LINDI,,,,,,
,,,,,,
S/N,,,,,,
,NAME OF HEALTH FACILITY,ADDRESS,Location,Contact,Responsible,Qualifications
,,,,,,
1,Brigita Dispensary,P.O. Box 749,Lindi,"02312202679,  0784913939,  brigitadispensary@yahoo.com",Dr. Hildegard Vogt,MD
,,,,,,
,,,,,,
,,,,,,
O. SINGIDA,,,,,,
S/N,NAME OF HEALTH FACILITY,ADDRESS,Location,Contact,Responsible,Qualifications
,,,,,,
1,Mzalendo dispendary,P.O. Box 220,Singida,754382600,,
2,Tumaini Dispensary,P.O. Box 101,Singida,,,
3,Masweya Maternity,Box 220,Singida,,Ezelina Shaqsy,S.N.O
4,Kinampanda Lutheran Dispensary,P. O. Box 544,Singida,,,
5,EAGT Utemini Dispensary,P. O. Box 1519,Singida,,Peter Mtalo,MD
,,,,,,
O. DODOMA,,,,,,
,NAME OF HEALTH FACILITY,ADDRESS,Location,Contact,Responsible,Qualifications
,,,,,,
1,Matovolwa H. C,P.O.Box 1597 ,Dodoma,0262302114 /0713 410090,Dr Matovolwa,
2,Makole disp,P.O.Box 1194,Dodoma,0784 333180,Dr Mushi,
3,Red Cross Makole dispensary,P.O. Box 194,Dodoma,,,
4,Mackay Medical Centre,,Dodoma,mhealth60@yahoo.com     alphabeter2000@yahoo.com,Dr Chomella,
5,Aga Khan Health Centre,P. O. Box 270,Dodoma,,,
6,James Mwegoha Memorial Dispensary,P. O. Box 2895 Kongwa,Dodoma,0754 415564/ 0712 514452,Godlove Mwegoha,AMO
7,Amani Health Centre,P. O. Box 855,Dodoma,0713 245959/amanihealthcentre@gmail.com,Dr. Marco Machalo,MD
8,Central Health Dispensary,P. O. Box 3297,Dodoma,0713 245959/ martinmassimba@yahoo.com,Dr. Martin Massimba,AMD
,,,,,,
,,,,,,
P.  TABORA,,,,,,
,,,,,,
S/N,,,,,,
,NAME OF HEALTH FACILITY,ADDRESS,Location,Contact,Responsible,Qualifications
,,,,,,
1,Health Diagonistics Laboratory,P. O. Box 1416,Tabora,,,
2,Efatha Dispensary,P. O. Box 1416,Tabora,,,
3,Msamaria Mwema Dispensary,P.O. Box 51 Tabora,Kaliua,0784665081/0784936707,Nivone Kikaho,AMO
,,,,,,
,,,,,,
Q.  PWANI,,,,,,
,,,,,,
S/N,,,,,,
,NAME OF HEALTH FACILITY,ADDRESS,Location,Contact,Responsible,Qualifications
,,,,,,
1,"FACC,BF Maternity Nursing Home",P. O. Box 364,Bagamoyo,,,
2,St. Magdalena Maternity & Nursing Home,P. O. Box 10 Malela,Mkuranga,0784 999335,Agnes Simbamana,Nurse Midwife
